fecha,iny_cuenca_norte,iny_cuenca_neuquina,iny_cuenca_austral,iny_gto_norte,iny_gto_centro_oeste,iny_gto_neuba_I_y_II,iny_gto_san_martin,iny_total,iny_no_asignada,nota_a_bolivia_norandino,nota_b_gpm,nota_d_gnl_escobar_gasandes,nota_e_peak_shaving,cap_nom_norte,cap_nom_centro_oeste,cap_nom_neuba_II,cap_nom_neuba_I,cap_nom_san_martin,cap_fut_norte,cap_fut_centro_oeste,cap_fut_neuba_II,cap_fut_neuba_I,cap_fut_san_martin,egr_sanjeronimo_a_santa_fe,egr_sanjeronimo_troncal,egr_sanjeronimo_paralelo,egr_cerri_las_heras,egr_cerri_rodriguez,egr_cerri_gutierrez,egr_total_bs_as,lp_tgn_actual,lp_tgn_dif,lp_tgs_actual,lp_tgs_dif,lp_total_actual,lp_total_dif,temp_max,temp_min,pron_d1_fecha,pron_d1_min_est,pron_d1_max_est,pron_d2_fecha,pron_d2_min_est,pron_d2_max_est,pron_d3_fecha,pron_d3_min_est,pron_d3_max_est
2026-09-01,3.0,100.6,21.8,3.0,30.7,69.9,21.8,125.4,0.0,0.0,20.7,0.0,0.0,28.5,34.1,31.1,15.2,40.9,28.5,34.1,31.1,15.2,40.9,4.4,1.6,1.7,6.7,10.7,12.2,24.3,135.7,-1.0,233.5,-5.2,369.1,-6.2,20.1,10.9,2026-09-02,12.0,17.6,2026-09-03,13.3,15.8,2026-09-04,11.0,15.0
2026-09-02,2.0,102.5,22.9,2.0,31.1,71.4,22.9,127.4,0.0,0.0,21.6,0.0,0.0,28.5,34.1,31.1,15.2,40.9,28.5,34.1,31.1,15.2,40.9,4.4,1.4,2.5,6.8,10.6,12.2,21.5,136.3,0.7,234.6,1.1,371.0,1.8,24.4,11.4,2026-09-03,13.8,16.1,2026-09-04,11.8,14.7,2026-09-05,11.4,13.0
2026-09-03,2.0,102.2,24.0,2.0,31.6,70.6,24.0,128.2,0.0,0.0,21.0,0.0,0.0,28.5,34.1,31.1,15.2,40.9,28.5,34.1,31.1,15.2,40.9,4.4,1.0,2.1,6.0,11.4,13.0,22.9,137.2,0.8,234.4,-0.3,371.5,0.6,20.6,12.0,2026-09-04,,,2026-09-05,,,2026-09-06,,
2026-09-04,1.8,103.8,23.6,1.8,31.3,72.5,23.6,129.2,0.0,0.0,22.1,0.0,0.0,28.5,34.1,31.1,15.2,40.9,28.5,34.1,31.1,15.2,40.9,4.4,1.2,1.6,6.2,11.6,13.3,23.8,136.1,-1.1,234.4,0.0,370.5,-1.0,19.3,7.1,2026-09-05,10.0,12.2,2026-09-06,6.4,9.0,2026-09-07,6.5,12.0
2026-09-05,3.7,106.9,23.7,3.7,32.7,74.2,23.7,134.3,0.0,0.0,23.5,0.0,0.0,28.5,34.1,31.1,15.2,40.9,28.5,34.1,31.1,15.2,40.9,4.4,1.0,2.2,6.4,11.6,13.4,27.0,135.4,-0.7,229.4,-5.0,364.8,-5.7,15.0,6.8,2026-09-06,6.4,9.3,2026-09-07,6.3,13.0,2026-09-08,8.3,15.0
2026-09-06,5.6,108.5,23.4,5.6,33.7,74.9,23.4,137.5,-0.1,0.0,23.7,0.0,0.0,28.5,34.1,31.1,15.2,40.9,28.5,34.1,31.1,15.2,40.9,4.4,1.5,1.3,6.6,12.1,13.9,27.3,131.2,-4.2,222.5,-6.9,353.7,-11.0,12.2,2.0,2026-09-07,5.7,12.5,2026-09-08,8.4,15.3,2026-09-09,11.3,15.0
2026-09-07,6.2,109.8,23.4,6.2,35.4,74.4,23.4,142.6,3.2,4.9,23.9,0.1,2.3,28.5,34.1,31.1,15.2,40.9,28.5,34.1,31.1,15.2,40.9,4.4,2.2,1.7,6.4,12.0,13.9,31.4,129.2,-2.0,218.4,-4.1,347.6,-6.1,13.1,6.0,2026-09-08,8.1,15.1,2026-09-09,11.0,15.0,2026-09-10,12.5,14.0
2026-09-08,6.1,101.4,23.5,6.1,32.3,69.1,23.5,135.3,4.3,6.5,21.7,4.3,2.3,28.5,34.1,31.1,15.2,40.9,28.5,34.1,31.1,15.2,40.9,4.4,1.4,1.1,7.1,10.1,11.7,26.1,129.1,-0.1,220.9,2.5,349.9,2.3,18.4,10.1,2026-09-09,10.8,14.7,2026-09-10,12.2,15.1,2026-09-11,12.5,14.0
2026-09-09,6.5,106.5,23.6,6.5,35.0,71.5,23.6,137.6,1.0,5.5,21.7,0.1,0.0,28.5,34.1,31.1,15.2,40.9,28.5,34.1,31.1,15.2,40.9,4.4,1.7,1.5,7.2,10.1,11.5,23.1,130.7,1.7,225.9,5.0,356.6,6.7,19.6,9.6,2026-09-10,11.7,14.3,2026-09-11,13.1,14.1,2026-09-12,10.8,13.0
2026-09-10,5.6,105.0,23.7,5.6,33.1,71.9,23.7,134.3,0.0,3.6,22.0,0.0,0.0,28.5,34.1,31.1,15.2,40.9,28.5,34.1,31.1,15.2,40.9,4.4,1.4,1.1,6.9,10.3,11.6,21.7,132.0,1.3,229.5,3.6,361.5,4.9,20.6,9.6,2026-09-11,12.5,14.0,2026-09-12,10.8,13.2,2026-09-13,9.8,12.0
2026-09-11,4.1,104.4,23.7,4.1,32.0,72.4,23.7,132.8,0.6,2.7,22.4,0.0,0.0,28.5,34.1,31.1,15.2,40.9,28.5,34.1,31.1,15.2,40.9,4.4,1.4,1.0,6.1,10.9,11.7,21.9,132.3,0.3,230.5,1.1,362.8,1.3,19.4,11.6,2026-09-12,10.3,13.2,2026-09-13,9.0,11.2,2026-09-14,9.0,13.0
2026-09-12,4.3,106.8,24.2,4.3,33.6,73.1,24.2,135.3,0.1,2.3,23.2,0.1,0.0,28.5,34.1,31.1,15.2,40.9,28.5,34.1,31.1,15.2,40.9,4.4,1.8,1.7,6.3,10.7,12.3,29.1,128.6,-3.7,224.2,-6.3,352.8,-10.0,14.3,7.6,2026-09-13,7.2,10.3,2026-09-14,8.9,14.0,2026-09-15,9.9,16.0
2026-09-13,6.1,107.0,23.6,6.1,33.4,73.6,23.6,138.7,2.0,3.9,23.8,0.0,2.0,28.5,34.1,31.1,15.2,40.9,28.5,34.1,31.1,15.2,40.9,4.4,1.8,1.4,7.0,11.4,13.2,29.2,127.2,-1.4,223.4,-0.9,350.6,-2.3,13.0,2.8,2026-09-14,7.2,14.0,2026-09-15,10.2,16.1,2026-09-16,9.5,16.0
2026-09-14,5.7,107.2,24.4,5.7,34.4,72.8,24.4,137.3,0.0,3.8,23.8,3.8,0.0,28.5,34.1,31.1,15.2,40.9,28.5,34.1,31.1,15.2,40.9,4.4,1.3,1.8,7.3,11.6,13.3,29.7,129.2,2.0,222.9,-0.4,352.1,1.5,14.9,5.0,2026-09-15,10.5,15.0,2026-09-16,8.6,13.7,2026-09-17,11.5,18.0
2026-09-15,6.9,102.7,24.8,6.9,30.3,72.4,24.8,134.4,0.0,4.9,22.1,0.1,0.0,28.5,34.1,31.1,15.2,40.9,28.5,34.1,31.1,15.2,40.9,4.4,1.2,1.7,7.7,11.4,13.1,24.5,130.4,1.2,222.8,-0.2,353.2,1.1,22.0,9.8,2026-09-16,8.6,13.2,2026-09-17,10.8,18.2,2026-09-18,12.4,18.0
2026-09-16,5.9,100.9,25.1,5.9,28.6,72.3,25.1,131.9,0.0,3.9,23.3,0.0,0.0,28.5,34.1,31.1,15.2,40.9,28.5,34.1,31.1,15.2,40.9,4.4,1.8,1.2,7.5,11.4,13.1,27.5,129.7,-0.7,221.9,-0.9,351.6,-1.6,14.2,5.4,2026-09-17,11.6,18.4,2026-09-18,13.1,17.8,2026-09-19,14.8,17.1
2026-09-17,3.0,102.0,24.9,3.0,30.3,71.7,24.9,129.9,0.0,1.0,23.3,0.0,0.0,28.5,34.1,31.1,15.2,40.9,28.5,34.1,31.1,15.2,40.9,4.5,0.9,1.9,8.0,11.1,12.5,21.2,133.4,3.7,227.5,5.6,360.9,9.3,24.7,11.7,2026-09-18,13.2,17.6,2026-09-19,14.4,16.6,2026-09-20,14.0,19.1
2026-09-18,2.1,94.1,20.9,2.1,28.9,65.1,20.9,117.1,0.1,0.0,20.5,0.0,0.0,28.5,34.1,31.1,15.2,40.9,28.5,34.1,31.1,15.2,40.9,4.4,1.0,1.5,7.1,10.0,11.2,18.7,137.1,3.8,233.6,6.1,370.7,9.8,22.1,15.0,2026-09-19,14.4,17.9,2026-09-20,13.1,17.4,2026-09-21,11.8,16.0
2026-09-19,2.0,80.9,16.4,2.0,26.3,54.6,16.4,99.4,0.1,0.0,15.9,0.0,0.0,28.5,34.1,31.1,15.2,40.9,28.5,34.1,31.1,15.2,40.9,4.4,1.9,1.1,5.8,9.3,10.3,15.1,137.5,0.4,234.9,1.4,372.4,1.7,23.5,16.0,2026-09-20,12.9,18.4,2026-09-21,12.7,15.5,2026-09-22,8.8,14.0
2026-09-20,1.8,70.4,16.0,1.8,25.5,44.9,16.0,88.2,0.0,0.0,10.5,0.0,0.0,28.5,34.1,31.1,15.2,40.9,28.5,34.1,31.1,15.2,40.9,4.4,2.1,1.5,5.5,7.4,8.3,15.0,139.0,1.5,229.2,-5.8,368.2,-4.3,23.6,14.3,2026-09-21,11.6,14.6,2026-09-22,7.6,12.5,2026-09-23,8.4,15.0
2026-09-21,1.9,87.8,21.2,1.9,24.8,63.0,21.2,110.9,0.0,0.0,18.3,0.0,0.0,28.5,34.1,31.1,15.2,40.9,28.5,34.1,31.1,15.2,40.9,4.4,1.9,2.7,5.3,8.0,9.5,24.6,134.0,-4.8,224.9,-4.3,358.9,-9.1,16.7,10.9,2026-09-22,7.9,13.0,2026-09-23,8.4,15.6,2026-09-24,12.0,18.0
2026-09-22,1.8,97.6,23.0,1.8,30.1,67.4,23.0,124.3,2.0,0.0,20.2,0.0,2.0,28.5,34.1,31.1,15.2,40.9,28.5,34.1,31.1,15.2,40.9,4.5,1.6,2.4,7.2,8.0,9.5,27.8,131.0,-3.0,220.8,-4.1,351.8,-7.1,14.4,4.7,2026-09-23,8.4,15.5,2026-09-24,11.6,18.2,2026-09-25,14.6,22.1
2026-09-23,1.9,99.8,24.1,1.9,31.4,68.3,24.1,125.8,0.1,0.0,22.3,0.0,0.0,28.5,34.1,31.1,15.2,40.9,28.5,34.1,31.1,15.2,40.9,4.4,1.0,4.3,7.6,10.2,11.6,24.5,132.0,1.0,228.1,7.2,360.0,8.2,19.1,6.8,2026-09-24,11.6,18.4,2026-09-25,15.1,19.4,2026-09-26,13.9,17.1
2026-09-24,2.0,96.4,21.2,2.0,27.9,68.5,21.2,119.6,-0.0,0.0,22.2,0.0,0.0,28.5,34.1,31.1,15.2,40.9,28.5,34.1,31.1,15.2,40.9,4.5,2.2,4.3,7.1,11.4,12.7,20.1,132.8,0.8,233.6,5.5,366.4,6.4,25.0,12.4,2026-09-25,15.3,19.6,2026-09-26,15.1,17.1,2026-09-27,15.1,18.0
2026-09-25,2.0,87.0,21.3,2.0,28.7,58.3,21.3,110.2,-0.1,0.0,17.3,0.0,0.0,28.5,34.1,31.1,15.2,40.9,28.5,34.1,31.1,15.2,40.9,4.4,1.2,2.9,5.9,9.7,10.9,17.4,136.5,3.8,231.9,-1.7,368.5,2.1,28.5,15.8,2026-09-26,15.2,17.1,2026-09-27,15.1,17.9,2026-09-28,15.3,18.0
2026-09-26,2.0,84.0,18.2,2.0,25.6,58.4,18.2,104.1,-0.1,0.0,16.7,0.0,0.0,28.5,34.1,31.1,15.2,40.9,28.5,34.1,31.1,15.2,40.9,4.4,3.4,4.3,5.2,8.0,9.1,16.5,136.6,0.1,235.0,3.1,371.6,3.2,22.7,14.9,2026-09-27,14.1,16.8,2026-09-28,15.6,17.3,2026-09-29,14.4,16.0
2026-09-27,1.9,81.7,17.9,1.9,24.2,57.5,17.9,101.6,0.1,0.0,17.0,0.0,0.0,28.5,34.1,31.1,15.2,40.9,28.5,34.1,31.1,15.2,40.9,4.4,2.5,1.5,3.8,9.1,10.2,17.9,136.9,0.3,233.7,-1.3,370.6,-1.0,18.0,14.0,2026-09-28,15.3,16.6,2026-09-29,14.9,16.8,2026-09-30,11.2,16.0
2026-09-28,1.9,89.5,23.0,1.9,27.3,62.2,23.0,114.4,0.0,0.0,20.3,0.0,0.0,28.5,34.1,31.1,15.2,40.9,28.5,34.1,31.1,15.2,40.9,4.4,1.2,1.4,5.6,8.3,9.4,19.7,136.5,-0.5,234.4,0.7,370.9,0.2,20.5,15.5,2026-09-29,14.8,16.8,2026-09-30,12.0,16.8,2026-10-01,12.0,16.0
2026-09-29,1.9,94.6,23.6,1.9,27.8,66.8,23.6,120.1,0.0,0.0,20.5,0.0,0.0,28.5,34.1,31.1,15.2,40.9,28.5,34.1,31.1,15.2,40.9,4.4,0.8,1.1,6.6,9.9,11.1,20.3,137.2,0.8,237.8,3.5,375.1,4.2,19.6,15.4,2026-09-30,12.1,16.8,2026-10-01,12.9,16.4,2026-10-02,11.4,17.1
2026-09-30,1.9,86.7,22.9,1.9,25.2,61.5,22.9,111.6,0.1,0.0,19.7,0.0,0.0,28.5,34.1,31.1,15.2,40.9,28.5,34.1,31.1,15.2,40.9,4.4,0.5,2.3,6.6,9.3,10.7,21.6,136.9,-0.3,228.1,-9.7,365.1,-10.0,20.0,8.8,2026-10-01,,,2026-10-02,,,2026-10-03,,
2026-10-01,2.0,94.0,24.3,2.0,24.7,69.2,24.3,120.2,0.0,0.0,20.2,0.0,0.0,28.5,34.1,31.1,15.2,40.9,28.5,34.1,31.1,15.2,40.9,4.4,0.7,1.5,6.9,10.6,12.1,23.3,132.6,-4.4,224.6,-3.5,357.2,-7.8,16.3,10.5,2026-10-02,10.9,16.4,2026-10-03,12.8,14.3,2026-10-04,14.2,18.0
