fecha,seccion,subgrupo,concepto,unidad,real,proyectado,desvio,archivo_real,archivo_proyectado
2026-10-01,Temperatura,,Temperatura Media Estimada Anillo Bs.As.,°C,14.3,13.0,1.3,PS_20261002.pdf,PS_20261002.pdf
2026-10-01,Demanda total,,DEMANDA TOTAL,MMm³,141.5,138.1,3.4,PS_20261002.pdf,PS_20261002.pdf
2026-10-01,A- Dentro de sistemas de transporte,,A- DENTRO DE SISTEMAS DE TRANSPORTE,MMm³,127.0,123.0,4.0,PS_20261002.pdf,PS_20261002.pdf
2026-10-01,A- Dentro de sistemas de transporte,,Demanda Prioritaria (R+SGP),MMm³,51.3,47.9,3.4,PS_20261002.pdf,PS_20261002.pdf
2026-10-01,A- Dentro de sistemas de transporte,,Ajuste de Demanda (conforme a proyecciones del Sist. de Transporte),MMm³,2.5,0.4,2.1,PS_20261002.pdf,PS_20261002.pdf
2026-10-01,A- Dentro de sistemas de transporte,,Gas Combustible,MMm³,3.3,3.3,0.0,PS_20261002.pdf,PS_20261002.pdf
2026-10-01,A- Dentro de sistemas de transporte,,GNC,MMm³,5.8,5.6,0.2,PS_20261002.pdf,PS_20261002.pdf
2026-10-01,A- Dentro de sistemas de transporte,,Industria (P3+GU+Grandes C.),MMm³,36.1,36.3,-0.2,PS_20261002.pdf,PS_20261002.pdf
2026-10-01,A- Dentro de sistemas de transporte,,Usinas dentro del Sistema de Transporte,MMm³,23.5,24.1,-0.6,PS_20261002.pdf,PS_20261002.pdf
2026-10-01,A- Dentro de sistemas de transporte,,Exportaciones en el Sistema de Transporte TGN,MMm³,2.5,3.3,-0.8,PS_20261002.pdf,PS_20261002.pdf
2026-10-01,A- Dentro de sistemas de transporte,,Exportaciones en el Sistema de Transporte TGS,MMm³,1.9,2.1,-0.2,PS_20261002.pdf,PS_20261002.pdf
2026-10-01,B- Fuera de sistemas de transporte,,B- FUERA DE SISTEMAS DE TRANSPORTE,MMm³,14.5,15.1,-0.6,PS_20261002.pdf,PS_20261002.pdf
2026-10-01,B- Fuera de sistemas de transporte,,Demanda Tierra del Fuego,MMm³,0.6,0.7,-0.1,PS_20261002.pdf,PS_20261002.pdf
2026-10-01,B- Fuera de sistemas de transporte,,Usinas en Boca Pozo,MMm³,3.7,3.8,-0.1,PS_20261002.pdf,PS_20261002.pdf
2026-10-01,B- Fuera de sistemas de transporte,,Gas Pacífico,MMm³,0.7,1.0,-0.3,PS_20261002.pdf,PS_20261002.pdf
2026-10-01,B- Fuera de sistemas de transporte,,Mega + Metanol,MMm³,8.0,8.2,-0.2,PS_20261002.pdf,PS_20261002.pdf
2026-10-01,B- Fuera de sistemas de transporte,,Refinor,MMm³,0.4,0.4,0.0,PS_20261002.pdf,PS_20261002.pdf
2026-10-01,B- Fuera de sistemas de transporte,,Gas Atacama,MMm³,0.0,0.0,0.0,PS_20261002.pdf,PS_20261002.pdf
2026-10-01,B- Fuera de sistemas de transporte,,Methanex,MMm³,1.1,1.1,0.0,PS_20261002.pdf,PS_20261002.pdf
2026-10-01,Inyecciones (TGN + TGS + ENARSA),,INYECCIONES (TGN + TGS + ENARSA),MMm³,119.1,118.0,1.1,PS_20261002.pdf,PS_20261002.pdf
2026-10-01,Inyecciones (TGN + TGS + ENARSA),,PRODUCTORES - INYECCION NACIONAL,MMm³,119.1,118.0,1.1,PS_20261002.pdf,PS_20261002.pdf
2026-10-01,Inyecciones (TGN + TGS + ENARSA),,TGS,MMm³,72.1,67.1,5.0,PS_20261002.pdf,PS_20261002.pdf
2026-10-01,Inyecciones (TGN + TGS + ENARSA),TGS,Sur,MMm³,24.3,22.7,1.6,PS_20261002.pdf,PS_20261002.pdf
2026-10-01,Inyecciones (TGN + TGS + ENARSA),TGS,Neuba I,MMm³,9.0,8.4,0.6,PS_20261002.pdf,PS_20261002.pdf
2026-10-01,Inyecciones (TGN + TGS + ENARSA),TGS,Neuba II,MMm³,38.8,36.0,2.8,PS_20261002.pdf,PS_20261002.pdf
2026-10-01,Inyecciones (TGN + TGS + ENARSA),TGS,Patagónico,MMm³,0.0,0.0,0.0,PS_20261002.pdf,PS_20261002.pdf
2026-10-01,Inyecciones (TGN + TGS + ENARSA),,TGN,MMm³,26.9,27.9,-1.0,PS_20261002.pdf,PS_20261002.pdf
2026-10-01,Inyecciones (TGN + TGS + ENARSA),TGN,Norte (incluye importación),MMm³,2.2,1.9,0.3,PS_20261002.pdf,PS_20261002.pdf
2026-10-01,Inyecciones (TGN + TGS + ENARSA),TGN,Neuquén,MMm³,24.7,26.0,-1.3,PS_20261002.pdf,PS_20261002.pdf
2026-10-01,Inyecciones (TGN + TGS + ENARSA),,ENARSA,MMm³,20.2,23.0,-2.8,PS_20261002.pdf,PS_20261002.pdf
2026-10-01,Inyecciones (TGN + TGS + ENARSA),ENARSA,GPFM,MMm³,20.2,23.0,-2.8,PS_20261002.pdf,PS_20261002.pdf
2026-10-01,Otras inyecciones,,BOLIVIA,MMm³,0.0,0.0,0.0,PS_20261002.pdf,PS_20261002.pdf
2026-10-01,Otras inyecciones,,Inyección desde Chile,MMm³,0.0,0.0,0.0,PS_20261002.pdf,PS_20261002.pdf
2026-10-01,Otras inyecciones,,PEAK SHAVING,MMm³,0.0,0.0,0.0,PS_20261002.pdf,PS_20261002.pdf
2026-10-01,Otras inyecciones,,INYECCIÓN BUQUE ESCOBAR,MMm³,0.0,0.0,0.0,PS_20261002.pdf,PS_20261002.pdf
2026-10-01,Stock (linepack),,STOCK (TGN+TGS),MMm³,,365.0,,,PS_20261002.pdf
2026-10-01,Stock (linepack),,DELTA,MMm³,-7.8,-5.0,-2.8,PS_20261002.pdf,PS_20261002.pdf
2026-10-01,Stock (linepack),,TGS,MMm³,,228.12,,,PS_20261002.pdf
2026-10-01,Stock (linepack),,TGN,MMm³,,136.92,,,PS_20261002.pdf
2026-10-01,Stock (linepack),,TRAMOS INICIALES,MMm³,,264.68,,,PS_20261001.pdf
2026-10-01,Stock (linepack),,TRAMOS FINALES,MMm³,,100.36,,,PS_20261001.pdf
2026-10-01,Stock (linepack),TRAMOS FINALES,TGS,MMm³,,83.86,,,PS_20261001.pdf
2026-10-01,Stock (linepack),TRAMOS FINALES,TGN,MMm³,,16.5,,,PS_20261001.pdf
2026-10-01,Saldos,,BUQUE REGASIFICADOR (ESC),MMm³,,58.4,,,PS_20261001.pdf
2026-10-01,Saldos,,RESERVA GASBAN,MMm³,,8.24,,,PS_20261001.pdf
2026-10-02,Temperatura,,Temperatura Media Estimada Anillo Bs.As.,°C,14.8,12.0,2.8,PS_20261005.pdf,PS_20261005.pdf
2026-10-02,Demanda total,,DEMANDA TOTAL,MMm³,136.1,136.7,-0.6,PS_20261005.pdf,PS_20261005.pdf
2026-10-02,A- Dentro de sistemas de transporte,,A- DENTRO DE SISTEMAS DE TRANSPORTE,MMm³,120.6,121.3,-0.7,PS_20261005.pdf,PS_20261005.pdf
2026-10-02,A- Dentro de sistemas de transporte,,Demanda Prioritaria (R+SGP),MMm³,48.4,50.7,-2.3,PS_20261005.pdf,PS_20261005.pdf
2026-10-02,A- Dentro de sistemas de transporte,,Ajuste de Demanda (conforme a proyecciones del Sist. de Transporte),MMm³,3.4,1.8,1.6,PS_20261005.pdf,PS_20261005.pdf
2026-10-02,A- Dentro de sistemas de transporte,,Gas Combustible,MMm³,3.6,3.4,0.2,PS_20261005.pdf,PS_20261005.pdf
2026-10-02,A- Dentro de sistemas de transporte,,GNC,MMm³,6.1,5.9,0.2,PS_20261005.pdf,PS_20261005.pdf
2026-10-02,A- Dentro de sistemas de transporte,,Industria (P3+GU+Grandes C.),MMm³,35.4,36.1,-0.7,PS_20261005.pdf,PS_20261005.pdf
2026-10-02,A- Dentro de sistemas de transporte,,Usinas dentro del Sistema de Transporte,MMm³,19.7,19.2,0.5,PS_20261005.pdf,PS_20261005.pdf
2026-10-02,A- Dentro de sistemas de transporte,,Exportaciones en el Sistema de Transporte TGN,MMm³,2.0,2.0,0.0,PS_20261005.pdf,PS_20261005.pdf
2026-10-02,A- Dentro de sistemas de transporte,,Exportaciones en el Sistema de Transporte TGS,MMm³,2.0,2.0,0.0,PS_20261005.pdf,PS_20261005.pdf
2026-10-02,B- Fuera de sistemas de transporte,,B- FUERA DE SISTEMAS DE TRANSPORTE,MMm³,15.4,15.5,-0.1,PS_20261005.pdf,PS_20261005.pdf
2026-10-02,B- Fuera de sistemas de transporte,,Demanda Tierra del Fuego,MMm³,0.6,0.7,-0.1,PS_20261005.pdf,PS_20261005.pdf
2026-10-02,B- Fuera de sistemas de transporte,,Usinas en Boca Pozo,MMm³,4.2,4.1,0.1,PS_20261005.pdf,PS_20261005.pdf
2026-10-02,B- Fuera de sistemas de transporte,,Gas Pacífico,MMm³,0.8,1.0,-0.2,PS_20261005.pdf,PS_20261005.pdf
2026-10-02,B- Fuera de sistemas de transporte,,Mega + Metanol,MMm³,8.4,8.2,0.2,PS_20261005.pdf,PS_20261005.pdf
2026-10-02,B- Fuera de sistemas de transporte,,Refinor,MMm³,0.4,0.4,0.0,PS_20261005.pdf,PS_20261005.pdf
2026-10-02,B- Fuera de sistemas de transporte,,Gas Atacama,MMm³,0.0,0.0,0.0,PS_20261005.pdf,PS_20261005.pdf
2026-10-02,B- Fuera de sistemas de transporte,,Methanex,MMm³,1.1,1.1,0.0,PS_20261005.pdf,PS_20261005.pdf
2026-10-02,Inyecciones (TGN + TGS + ENARSA),,INYECCIONES (TGN + TGS + ENARSA),MMm³,118.0,118.4,-0.4,PS_20261005.pdf,PS_20261005.pdf
2026-10-02,Inyecciones (TGN + TGS + ENARSA),,PRODUCTORES - INYECCION NACIONAL,MMm³,118.0,118.4,-0.4,PS_20261005.pdf,PS_20261005.pdf
2026-10-02,Inyecciones (TGN + TGS + ENARSA),,TGS,MMm³,74.0,70.0,4.0,PS_20261005.pdf,PS_20261005.pdf
2026-10-02,Inyecciones (TGN + TGS + ENARSA),TGS,Sur,MMm³,25.2,23.6,1.6,PS_20261005.pdf,PS_20261005.pdf
2026-10-02,Inyecciones (TGN + TGS + ENARSA),TGS,Neuba I,MMm³,10.2,7.4,2.8,PS_20261005.pdf,PS_20261005.pdf
2026-10-02,Inyecciones (TGN + TGS + ENARSA),TGS,Neuba II,MMm³,38.7,39.0,-0.3,PS_20261005.pdf,PS_20261005.pdf
2026-10-02,Inyecciones (TGN + TGS + ENARSA),TGS,Patagónico,MMm³,0.0,0.0,0.0,PS_20261005.pdf,PS_20261005.pdf
2026-10-02,Inyecciones (TGN + TGS + ENARSA),,TGN,MMm³,25.0,27.9,-2.9,PS_20261005.pdf,PS_20261005.pdf
2026-10-02,Inyecciones (TGN + TGS + ENARSA),TGN,Norte (incluye importación),MMm³,1.8,1.9,-0.1,PS_20261005.pdf,PS_20261005.pdf
2026-10-02,Inyecciones (TGN + TGS + ENARSA),TGN,Neuquén,MMm³,23.2,26.0,-2.8,PS_20261005.pdf,PS_20261005.pdf
2026-10-02,Inyecciones (TGN + TGS + ENARSA),,ENARSA,MMm³,19.0,20.5,-1.5,PS_20261005.pdf,PS_20261005.pdf
2026-10-02,Inyecciones (TGN + TGS + ENARSA),ENARSA,GPFM,MMm³,19.0,20.5,-1.5,PS_20261005.pdf,PS_20261005.pdf
2026-10-02,Otras inyecciones,,BOLIVIA,MMm³,0.0,0.0,0.0,PS_20261005.pdf,PS_20261005.pdf
2026-10-02,Otras inyecciones,,Inyección desde Chile,MMm³,0.0,0.0,0.0,PS_20261005.pdf,PS_20261005.pdf
2026-10-02,Otras inyecciones,,PEAK SHAVING,MMm³,0.0,0.0,0.0,PS_20261005.pdf,PS_20261005.pdf
2026-10-02,Otras inyecciones,,INYECCIÓN BUQUE ESCOBAR,MMm³,0.0,0.0,0.0,PS_20261005.pdf,PS_20261005.pdf
2026-10-02,Stock (linepack),,STOCK (TGN+TGS),MMm³,,357.2,,,PS_20261005.pdf
2026-10-02,Stock (linepack),,DELTA,MMm³,-2.6,-2.9,0.3,PS_20261005.pdf,PS_20261005.pdf
2026-10-02,Stock (linepack),,TGS,MMm³,,224.64,,,PS_20261005.pdf
2026-10-02,Stock (linepack),,TGN,MMm³,,132.56,,,PS_20261005.pdf
2026-10-02,Stock (linepack),,TRAMOS INICIALES,MMm³,,259.71,,,PS_20261002.pdf
2026-10-02,Stock (linepack),,TRAMOS FINALES,MMm³,,97.49,,,PS_20261002.pdf
2026-10-02,Stock (linepack),TRAMOS FINALES,TGS,MMm³,,81.92,,,PS_20261002.pdf
2026-10-02,Stock (linepack),TRAMOS FINALES,TGN,MMm³,,15.57,,,PS_20261002.pdf
2026-10-02,Saldos,,BUQUE REGASIFICADOR (ESC),MMm³,,58.3,,,PS_20261002.pdf
2026-10-02,Saldos,,RESERVA GASBAN,MMm³,,8.33,,,PS_20261002.pdf
2026-10-03,Temperatura,,Temperatura Media Estimada Anillo Bs.As.,°C,14.3,14.0,0.3,PS_20261005.pdf,PS_20261005.pdf
2026-10-03,Demanda total,,DEMANDA TOTAL,MMm³,127.7,125.6,2.1,PS_20261005.pdf,PS_20261005.pdf
2026-10-03,A- Dentro de sistemas de transporte,,A- DENTRO DE SISTEMAS DE TRANSPORTE,MMm³,112.6,110.6,2.0,PS_20261005.pdf,PS_20261005.pdf
2026-10-03,A- Dentro de sistemas de transporte,,Demanda Prioritaria (R+SGP),MMm³,44.2,42.8,1.4,PS_20261005.pdf,PS_20261005.pdf
2026-10-03,A- Dentro de sistemas de transporte,,Ajuste de Demanda (conforme a proyecciones del Sist. de Transporte),MMm³,-0.3,1.0,-1.3,PS_20261005.pdf,PS_20261005.pdf
2026-10-03,A- Dentro de sistemas de transporte,,Gas Combustible,MMm³,2.9,3.3,-0.4,PS_20261005.pdf,PS_20261005.pdf
2026-10-03,A- Dentro de sistemas de transporte,,GNC,MMm³,5.6,5.8,-0.2,PS_20261005.pdf,PS_20261005.pdf
2026-10-03,A- Dentro de sistemas de transporte,,Industria (P3+GU+Grandes C.),MMm³,34.6,35.0,-0.4,PS_20261005.pdf,PS_20261005.pdf
2026-10-03,A- Dentro de sistemas de transporte,,Usinas dentro del Sistema de Transporte,MMm³,21.1,18.6,2.5,PS_20261005.pdf,PS_20261005.pdf
2026-10-03,A- Dentro de sistemas de transporte,,Exportaciones en el Sistema de Transporte TGN,MMm³,2.3,2.0,0.3,PS_20261005.pdf,PS_20261005.pdf
2026-10-03,A- Dentro de sistemas de transporte,,Exportaciones en el Sistema de Transporte TGS,MMm³,2.1,2.0,0.1,PS_20261005.pdf,PS_20261005.pdf
2026-10-03,B- Fuera de sistemas de transporte,,B- FUERA DE SISTEMAS DE TRANSPORTE,MMm³,15.1,15.1,0.0,PS_20261005.pdf,PS_20261005.pdf
2026-10-03,B- Fuera de sistemas de transporte,,Demanda Tierra del Fuego,MMm³,0.6,0.7,-0.1,PS_20261005.pdf,PS_20261005.pdf
2026-10-03,B- Fuera de sistemas de transporte,,Usinas en Boca Pozo,MMm³,4.2,3.7,0.5,PS_20261005.pdf,PS_20261005.pdf
2026-10-03,B- Fuera de sistemas de transporte,,Gas Pacífico,MMm³,0.7,1.0,-0.3,PS_20261005.pdf,PS_20261005.pdf
2026-10-03,B- Fuera de sistemas de transporte,,Mega + Metanol,MMm³,8.3,8.2,0.1,PS_20261005.pdf,PS_20261005.pdf
2026-10-03,B- Fuera de sistemas de transporte,,Refinor,MMm³,0.3,0.4,-0.1,PS_20261005.pdf,PS_20261005.pdf
2026-10-03,B- Fuera de sistemas de transporte,,Gas Atacama,MMm³,0.0,0.0,0.0,PS_20261005.pdf,PS_20261005.pdf
2026-10-03,B- Fuera de sistemas de transporte,,Methanex,MMm³,1.1,1.1,0.0,PS_20261005.pdf,PS_20261005.pdf
2026-10-03,Inyecciones (TGN + TGS + ENARSA),,INYECCIONES (TGN + TGS + ENARSA),MMm³,116.8,115.0,1.8,PS_20261005.pdf,PS_20261005.pdf
2026-10-03,Inyecciones (TGN + TGS + ENARSA),,PRODUCTORES - INYECCION NACIONAL,MMm³,116.8,115.0,1.8,PS_20261005.pdf,PS_20261005.pdf
2026-10-03,Inyecciones (TGN + TGS + ENARSA),,TGS,MMm³,70.2,68.1,2.1,PS_20261005.pdf,PS_20261005.pdf
2026-10-03,Inyecciones (TGN + TGS + ENARSA),TGS,Sur,MMm³,23.8,22.7,1.1,PS_20261005.pdf,PS_20261005.pdf
2026-10-03,Inyecciones (TGN + TGS + ENARSA),TGS,Neuba I,MMm³,9.1,7.4,1.7,PS_20261005.pdf,PS_20261005.pdf
2026-10-03,Inyecciones (TGN + TGS + ENARSA),TGS,Neuba II,MMm³,37.3,38.0,-0.7,PS_20261005.pdf,PS_20261005.pdf
2026-10-03,Inyecciones (TGN + TGS + ENARSA),TGS,Patagónico,MMm³,0.0,0.0,0.0,PS_20261005.pdf,PS_20261005.pdf
2026-10-03,Inyecciones (TGN + TGS + ENARSA),,TGN,MMm³,27.8,27.9,-0.1,PS_20261005.pdf,PS_20261005.pdf
2026-10-03,Inyecciones (TGN + TGS + ENARSA),TGN,Norte (incluye importación),MMm³,1.0,1.9,-0.9,PS_20261005.pdf,PS_20261005.pdf
2026-10-03,Inyecciones (TGN + TGS + ENARSA),TGN,Neuquén,MMm³,26.8,26.0,0.8,PS_20261005.pdf,PS_20261005.pdf
2026-10-03,Inyecciones (TGN + TGS + ENARSA),,ENARSA,MMm³,18.8,19.0,-0.2,PS_20261005.pdf,PS_20261005.pdf
2026-10-03,Inyecciones (TGN + TGS + ENARSA),ENARSA,GPFM,MMm³,18.8,19.0,-0.2,PS_20261005.pdf,PS_20261005.pdf
2026-10-03,Otras inyecciones,,BOLIVIA,MMm³,0.0,0.0,0.0,PS_20261005.pdf,PS_20261005.pdf
2026-10-03,Otras inyecciones,,Inyección desde Chile,MMm³,0.0,0.0,0.0,PS_20261005.pdf,PS_20261005.pdf
2026-10-03,Otras inyecciones,,PEAK SHAVING,MMm³,0.0,0.0,0.0,PS_20261005.pdf,PS_20261005.pdf
2026-10-03,Otras inyecciones,,INYECCIÓN BUQUE ESCOBAR,MMm³,0.0,0.0,0.0,PS_20261005.pdf,PS_20261005.pdf
2026-10-03,Stock (linepack),,STOCK (TGN+TGS),MMm³,,354.6,,,PS_20261005.pdf
2026-10-03,Stock (linepack),,DELTA,MMm³,4.2,4.4,-0.2,PS_20261005.pdf,PS_20261005.pdf
2026-10-03,Stock (linepack),,TGS,MMm³,,223.7,,,PS_20261005.pdf
2026-10-03,Stock (linepack),,TGN,MMm³,,130.87,,,PS_20261005.pdf
2026-10-03,Stock (linepack),,TRAMOS INICIALES,MMm³,,258.97,,,PS_20261002.pdf
2026-10-03,Stock (linepack),,TRAMOS FINALES,MMm³,,95.35,,,PS_20261002.pdf
2026-10-03,Stock (linepack),TRAMOS FINALES,TGS,MMm³,,80.12,,,PS_20261002.pdf
2026-10-03,Stock (linepack),TRAMOS FINALES,TGN,MMm³,,15.23,,,PS_20261002.pdf
2026-10-03,Saldos,,BUQUE REGASIFICADOR (ESC),MMm³,,58.17,,,PS_20261002.pdf
2026-10-03,Saldos,,RESERVA GASBAN,MMm³,,8.33,,,PS_20261002.pdf
2026-10-04,Temperatura,,Temperatura Media Estimada Anillo Bs.As.,°C,18.5,16.0,2.5,PS_20261005.pdf,PS_20261005.pdf
2026-10-04,Demanda total,,DEMANDA TOTAL,MMm³,116.3,117.9,-1.6,PS_20261005.pdf,PS_20261005.pdf
2026-10-04,A- Dentro de sistemas de transporte,,A- DENTRO DE SISTEMAS DE TRANSPORTE,MMm³,101.4,102.8,-1.4,PS_20261005.pdf,PS_20261005.pdf
2026-10-04,A- Dentro de sistemas de transporte,,Demanda Prioritaria (R+SGP),MMm³,38.1,37.9,0.2,PS_20261005.pdf,PS_20261005.pdf
2026-10-04,A- Dentro de sistemas de transporte,,Ajuste de Demanda (conforme a proyecciones del Sist. de Transporte),MMm³,-0.3,0.8,-1.1,PS_20261005.pdf,PS_20261005.pdf
2026-10-04,A- Dentro de sistemas de transporte,,Gas Combustible,MMm³,3.4,3.3,0.1,PS_20261005.pdf,PS_20261005.pdf
2026-10-04,A- Dentro de sistemas de transporte,,GNC,MMm³,4.8,5.2,-0.4,PS_20261005.pdf,PS_20261005.pdf
2026-10-04,A- Dentro de sistemas de transporte,,Industria (P3+GU+Grandes C.),MMm³,33.3,34.4,-1.1,PS_20261005.pdf,PS_20261005.pdf
2026-10-04,A- Dentro de sistemas de transporte,,Usinas dentro del Sistema de Transporte,MMm³,16.7,17.3,-0.6,PS_20261005.pdf,PS_20261005.pdf
2026-10-04,A- Dentro de sistemas de transporte,,Exportaciones en el Sistema de Transporte TGN,MMm³,3.3,2.0,1.3,PS_20261005.pdf,PS_20261005.pdf
2026-10-04,A- Dentro de sistemas de transporte,,Exportaciones en el Sistema de Transporte TGS,MMm³,2.1,2.0,0.1,PS_20261005.pdf,PS_20261005.pdf
2026-10-04,B- Fuera de sistemas de transporte,,B- FUERA DE SISTEMAS DE TRANSPORTE,MMm³,14.9,15.0,-0.1,PS_20261005.pdf,PS_20261005.pdf
2026-10-04,B- Fuera de sistemas de transporte,,Demanda Tierra del Fuego,MMm³,0.5,0.7,-0.2,PS_20261005.pdf,PS_20261005.pdf
2026-10-04,B- Fuera de sistemas de transporte,,Usinas en Boca Pozo,MMm³,4.0,3.7,0.3,PS_20261005.pdf,PS_20261005.pdf
2026-10-04,B- Fuera de sistemas de transporte,,Gas Pacífico,MMm³,0.8,1.0,-0.2,PS_20261005.pdf,PS_20261005.pdf
2026-10-04,B- Fuera de sistemas de transporte,,Mega + Metanol,MMm³,8.2,8.2,0.0,PS_20261005.pdf,PS_20261005.pdf
2026-10-04,B- Fuera de sistemas de transporte,,Refinor,MMm³,0.3,0.4,-0.1,PS_20261005.pdf,PS_20261005.pdf
2026-10-04,B- Fuera de sistemas de transporte,,Gas Atacama,MMm³,0.0,0.0,0.0,PS_20261005.pdf,PS_20261005.pdf
2026-10-04,B- Fuera de sistemas de transporte,,Methanex,MMm³,1.1,1.1,0.0,PS_20261005.pdf,PS_20261005.pdf
2026-10-04,Inyecciones (TGN + TGS + ENARSA),,INYECCIONES (TGN + TGS + ENARSA),MMm³,113.6,115.0,-1.4,PS_20261005.pdf,PS_20261005.pdf
2026-10-04,Inyecciones (TGN + TGS + ENARSA),,PRODUCTORES - INYECCION NACIONAL,MMm³,113.6,115.0,-1.4,PS_20261005.pdf,PS_20261005.pdf
2026-10-04,Inyecciones (TGN + TGS + ENARSA),,TGS,MMm³,68.4,68.1,0.3,PS_20261005.pdf,PS_20261005.pdf
2026-10-04,Inyecciones (TGN + TGS + ENARSA),TGS,Sur,MMm³,22.7,22.7,0.0,PS_20261005.pdf,PS_20261005.pdf
2026-10-04,Inyecciones (TGN + TGS + ENARSA),TGS,Neuba I,MMm³,9.5,7.4,2.1,PS_20261005.pdf,PS_20261005.pdf
2026-10-04,Inyecciones (TGN + TGS + ENARSA),TGS,Neuba II,MMm³,36.2,38.0,-1.8,PS_20261005.pdf,PS_20261005.pdf
2026-10-04,Inyecciones (TGN + TGS + ENARSA),TGS,Patagónico,MMm³,0.0,0.0,0.0,PS_20261005.pdf,PS_20261005.pdf
2026-10-04,Inyecciones (TGN + TGS + ENARSA),,TGN,MMm³,29.0,27.9,1.1,PS_20261005.pdf,PS_20261005.pdf
2026-10-04,Inyecciones (TGN + TGS + ENARSA),TGN,Norte (incluye importación),MMm³,1.0,1.9,-0.9,PS_20261005.pdf,PS_20261005.pdf
2026-10-04,Inyecciones (TGN + TGS + ENARSA),TGN,Neuquén,MMm³,28.0,26.0,2.0,PS_20261005.pdf,PS_20261005.pdf
2026-10-04,Inyecciones (TGN + TGS + ENARSA),,ENARSA,MMm³,16.2,19.0,-2.8,PS_20261005.pdf,PS_20261005.pdf
2026-10-04,Inyecciones (TGN + TGS + ENARSA),ENARSA,GPFM,MMm³,16.2,19.0,-2.8,PS_20261005.pdf,PS_20261005.pdf
2026-10-04,Otras inyecciones,,BOLIVIA,MMm³,0.0,0.0,0.0,PS_20261005.pdf,PS_20261005.pdf
2026-10-04,Otras inyecciones,,Inyección desde Chile,MMm³,0.0,0.0,0.0,PS_20261005.pdf,PS_20261005.pdf
2026-10-04,Otras inyecciones,,PEAK SHAVING,MMm³,0.0,0.0,0.0,PS_20261005.pdf,PS_20261005.pdf
2026-10-04,Otras inyecciones,,INYECCIÓN BUQUE ESCOBAR,MMm³,0.0,0.0,0.0,PS_20261005.pdf,PS_20261005.pdf
2026-10-04,Stock (linepack),,STOCK (TGN+TGS),MMm³,,358.8,,,PS_20261005.pdf
2026-10-04,Stock (linepack),,DELTA,MMm³,12.2,12.2,0.0,PS_20261005.pdf,PS_20261005.pdf
2026-10-04,Stock (linepack),,TGS,MMm³,,226.8,,,PS_20261005.pdf
2026-10-04,Stock (linepack),,TGN,MMm³,,131.98,,,PS_20261005.pdf
2026-10-04,Stock (linepack),,TRAMOS INICIALES,MMm³,,263.57,,,PS_20261002.pdf
2026-10-04,Stock (linepack),,TRAMOS FINALES,MMm³,,95.17,,,PS_20261002.pdf
2026-10-04,Stock (linepack),TRAMOS FINALES,TGS,MMm³,,79.4,,,PS_20261002.pdf
2026-10-04,Stock (linepack),TRAMOS FINALES,TGN,MMm³,,15.77,,,PS_20261002.pdf
2026-10-04,Saldos,,BUQUE REGASIFICADOR (ESC),MMm³,,58.04,,,PS_20261002.pdf
2026-10-04,Saldos,,RESERVA GASBAN,MMm³,,8.33,,,PS_20261002.pdf
2026-10-05,Temperatura,,Temperatura Media Estimada Anillo Bs.As.,°C,,19.0,,,PS_20261005.pdf
2026-10-05,Demanda total,,DEMANDA TOTAL,MMm³,,126.4,,,PS_20261005.pdf
2026-10-05,A- Dentro de sistemas de transporte,,A- DENTRO DE SISTEMAS DE TRANSPORTE,MMm³,,111.3,,,PS_20261005.pdf
2026-10-05,A- Dentro de sistemas de transporte,,Demanda Prioritaria (R+SGP),MMm³,,40.3,,,PS_20261005.pdf
2026-10-05,A- Dentro de sistemas de transporte,,Ajuste de Demanda (conforme a proyecciones del Sist. de Transporte),MMm³,,-0.6,,,PS_20261005.pdf
2026-10-05,A- Dentro de sistemas de transporte,,Gas Combustible,MMm³,,3.2,,,PS_20261005.pdf
2026-10-05,A- Dentro de sistemas de transporte,,GNC,MMm³,,5.5,,,PS_20261005.pdf
2026-10-05,A- Dentro de sistemas de transporte,,Industria (P3+GU+Grandes C.),MMm³,,35.7,,,PS_20261005.pdf
2026-10-05,A- Dentro de sistemas de transporte,,Usinas dentro del Sistema de Transporte,MMm³,,20.8,,,PS_20261005.pdf
2026-10-05,A- Dentro de sistemas de transporte,,Exportaciones en el Sistema de Transporte TGN,MMm³,,4.4,,,PS_20261005.pdf
2026-10-05,A- Dentro de sistemas de transporte,,Exportaciones en el Sistema de Transporte TGS,MMm³,,2.0,,,PS_20261005.pdf
2026-10-05,B- Fuera de sistemas de transporte,,B- FUERA DE SISTEMAS DE TRANSPORTE,MMm³,,15.1,,,PS_20261005.pdf
2026-10-05,B- Fuera de sistemas de transporte,,Demanda Tierra del Fuego,MMm³,,0.7,,,PS_20261005.pdf
2026-10-05,B- Fuera de sistemas de transporte,,Usinas en Boca Pozo,MMm³,,3.7,,,PS_20261005.pdf
2026-10-05,B- Fuera de sistemas de transporte,,Gas Pacífico,MMm³,,1.0,,,PS_20261005.pdf
2026-10-05,B- Fuera de sistemas de transporte,,Mega + Metanol,MMm³,,8.2,,,PS_20261005.pdf
2026-10-05,B- Fuera de sistemas de transporte,,Refinor,MMm³,,0.4,,,PS_20261005.pdf
2026-10-05,B- Fuera de sistemas de transporte,,Gas Atacama,MMm³,,0.0,,,PS_20261005.pdf
2026-10-05,B- Fuera de sistemas de transporte,,Methanex,MMm³,,1.1,,,PS_20261005.pdf
2026-10-05,Inyecciones (TGN + TGS + ENARSA),,INYECCIONES (TGN + TGS + ENARSA),MMm³,,112.1,,,PS_20261005.pdf
2026-10-05,Inyecciones (TGN + TGS + ENARSA),,PRODUCTORES - INYECCION NACIONAL,MMm³,,112.1,,,PS_20261005.pdf
2026-10-05,Inyecciones (TGN + TGS + ENARSA),,TGS,MMm³,,68.8,,,PS_20261005.pdf
2026-10-05,Inyecciones (TGN + TGS + ENARSA),TGS,Sur,MMm³,,22.6,,,PS_20261005.pdf
2026-10-05,Inyecciones (TGN + TGS + ENARSA),TGS,Neuba I,MMm³,,9.2,,,PS_20261005.pdf
2026-10-05,Inyecciones (TGN + TGS + ENARSA),TGS,Neuba II,MMm³,,37.0,,,PS_20261005.pdf
2026-10-05,Inyecciones (TGN + TGS + ENARSA),TGS,Patagónico,MMm³,,0.0,,,PS_20261005.pdf
2026-10-05,Inyecciones (TGN + TGS + ENARSA),,TGN,MMm³,,29.8,,,PS_20261005.pdf
2026-10-05,Inyecciones (TGN + TGS + ENARSA),TGN,Norte (incluye importación),MMm³,,0.9,,,PS_20261005.pdf
2026-10-05,Inyecciones (TGN + TGS + ENARSA),TGN,Neuquén,MMm³,,28.9,,,PS_20261005.pdf
2026-10-05,Inyecciones (TGN + TGS + ENARSA),,ENARSA,MMm³,,13.5,,,PS_20261005.pdf
2026-10-05,Inyecciones (TGN + TGS + ENARSA),ENARSA,GPFM,MMm³,,13.5,,,PS_20261005.pdf
2026-10-05,Otras inyecciones,,BOLIVIA,MMm³,,0.0,,,PS_20261005.pdf
2026-10-05,Otras inyecciones,,Inyección desde Chile,MMm³,,0.0,,,PS_20261005.pdf
2026-10-05,Otras inyecciones,,PEAK SHAVING,MMm³,,0.0,,,PS_20261005.pdf
2026-10-05,Otras inyecciones,,INYECCIÓN BUQUE ESCOBAR,MMm³,,0.0,,,PS_20261005.pdf
2026-10-05,Stock (linepack),,STOCK (TGN+TGS),MMm³,,371.0,,,PS_20261005.pdf
2026-10-05,Stock (linepack),,DELTA,MMm³,,0.8,,,PS_20261005.pdf
2026-10-05,Stock (linepack),,TGS,MMm³,,234.87,,,PS_20261005.pdf
2026-10-05,Stock (linepack),,TGN,MMm³,,136.09,,,PS_20261005.pdf
2026-10-05,Stock (linepack),,TRAMOS INICIALES,MMm³,,267.04,,,PS_20261005.pdf
2026-10-05,Stock (linepack),,TRAMOS FINALES,MMm³,,103.92,,,PS_20261005.pdf
2026-10-05,Stock (linepack),TRAMOS FINALES,TGS,MMm³,,87.11,,,PS_20261005.pdf
2026-10-05,Stock (linepack),TRAMOS FINALES,TGN,MMm³,,16.81,,,PS_20261005.pdf
2026-10-05,Saldos,,BUQUE REGASIFICADOR (ESC),MMm³,,57.99,,,PS_20261005.pdf
2026-10-05,Saldos,,RESERVA GASBAN,MMm³,,8.6,,,PS_20261005.pdf
2026-10-06,Temperatura,,Temperatura Media Estimada Anillo Bs.As.,°C,,17.0,,,PS_20261005.pdf
2026-10-06,Demanda total,,DEMANDA TOTAL,MMm³,,129.8,,,PS_20261005.pdf
2026-10-06,A- Dentro de sistemas de transporte,,A- DENTRO DE SISTEMAS DE TRANSPORTE,MMm³,,114.9,,,PS_20261005.pdf
2026-10-06,A- Dentro de sistemas de transporte,,Demanda Prioritaria (R+SGP),MMm³,,40.9,,,PS_20261005.pdf
2026-10-06,A- Dentro de sistemas de transporte,,Ajuste de Demanda (conforme a proyecciones del Sist. de Transporte),MMm³,,0.5,,,PS_20261005.pdf
2026-10-06,A- Dentro de sistemas de transporte,,Gas Combustible,MMm³,,3.2,,,PS_20261005.pdf
2026-10-06,A- Dentro de sistemas de transporte,,GNC,MMm³,,5.7,,,PS_20261005.pdf
2026-10-06,A- Dentro de sistemas de transporte,,Industria (P3+GU+Grandes C.),MMm³,,36.4,,,PS_20261005.pdf
2026-10-06,A- Dentro de sistemas de transporte,,Usinas dentro del Sistema de Transporte,MMm³,,21.9,,,PS_20261005.pdf
2026-10-06,A- Dentro de sistemas de transporte,,Exportaciones en el Sistema de Transporte TGN,MMm³,,4.4,,,PS_20261005.pdf
2026-10-06,A- Dentro de sistemas de transporte,,Exportaciones en el Sistema de Transporte TGS,MMm³,,2.0,,,PS_20261005.pdf
2026-10-06,B- Fuera de sistemas de transporte,,B- FUERA DE SISTEMAS DE TRANSPORTE,MMm³,,14.9,,,PS_20261005.pdf
2026-10-06,B- Fuera de sistemas de transporte,,Demanda Tierra del Fuego,MMm³,,0.7,,,PS_20261005.pdf
2026-10-06,B- Fuera de sistemas de transporte,,Usinas en Boca Pozo,MMm³,,3.6,,,PS_20261005.pdf
2026-10-06,B- Fuera de sistemas de transporte,,Gas Pacífico,MMm³,,1.0,,,PS_20261005.pdf
2026-10-06,B- Fuera de sistemas de transporte,,Mega + Metanol,MMm³,,8.2,,,PS_20261005.pdf
2026-10-06,B- Fuera de sistemas de transporte,,Refinor,MMm³,,0.4,,,PS_20261005.pdf
2026-10-06,B- Fuera de sistemas de transporte,,Gas Atacama,MMm³,,0.0,,,PS_20261005.pdf
2026-10-06,B- Fuera de sistemas de transporte,,Methanex,MMm³,,1.1,,,PS_20261005.pdf
2026-10-06,Inyecciones (TGN + TGS + ENARSA),,INYECCIONES (TGN + TGS + ENARSA),MMm³,,112.6,,,PS_20261005.pdf
2026-10-06,Inyecciones (TGN + TGS + ENARSA),,PRODUCTORES - INYECCION NACIONAL,MMm³,,112.6,,,PS_20261005.pdf
2026-10-06,Inyecciones (TGN + TGS + ENARSA),,TGS,MMm³,,68.8,,,PS_20261005.pdf
2026-10-06,Inyecciones (TGN + TGS + ENARSA),TGS,Sur,MMm³,,22.6,,,PS_20261005.pdf
2026-10-06,Inyecciones (TGN + TGS + ENARSA),TGS,Neuba I,MMm³,,9.2,,,PS_20261005.pdf
2026-10-06,Inyecciones (TGN + TGS + ENARSA),TGS,Neuba II,MMm³,,37.0,,,PS_20261005.pdf
2026-10-06,Inyecciones (TGN + TGS + ENARSA),TGS,Patagónico,MMm³,,0.0,,,PS_20261005.pdf
2026-10-06,Inyecciones (TGN + TGS + ENARSA),,TGN,MMm³,,30.3,,,PS_20261005.pdf
2026-10-06,Inyecciones (TGN + TGS + ENARSA),TGN,Norte (incluye importación),MMm³,,0.9,,,PS_20261005.pdf
2026-10-06,Inyecciones (TGN + TGS + ENARSA),TGN,Neuquén,MMm³,,29.4,,,PS_20261005.pdf
2026-10-06,Inyecciones (TGN + TGS + ENARSA),,ENARSA,MMm³,,13.5,,,PS_20261005.pdf
2026-10-06,Inyecciones (TGN + TGS + ENARSA),ENARSA,GPFM,MMm³,,13.5,,,PS_20261005.pdf
2026-10-06,Otras inyecciones,,BOLIVIA,MMm³,,0.0,,,PS_20261005.pdf
2026-10-06,Otras inyecciones,,Inyección desde Chile,MMm³,,0.0,,,PS_20261005.pdf
2026-10-06,Otras inyecciones,,PEAK SHAVING,MMm³,,0.0,,,PS_20261005.pdf
2026-10-06,Otras inyecciones,,INYECCIÓN BUQUE ESCOBAR,MMm³,,0.0,,,PS_20261005.pdf
2026-10-06,Stock (linepack),,STOCK (TGN+TGS),MMm³,,371.8,,,PS_20261005.pdf
2026-10-06,Stock (linepack),,DELTA,MMm³,,-2.3,,,PS_20261005.pdf
2026-10-06,Stock (linepack),,TGS,MMm³,,234.34,,,PS_20261005.pdf
2026-10-06,Stock (linepack),,TGN,MMm³,,137.44,,,PS_20261005.pdf
2026-10-06,Stock (linepack),,TRAMOS INICIALES,MMm³,,268.89,,,PS_20261005.pdf
2026-10-06,Stock (linepack),,TRAMOS FINALES,MMm³,,102.89,,,PS_20261005.pdf
2026-10-06,Stock (linepack),TRAMOS FINALES,TGS,MMm³,,86.33,,,PS_20261005.pdf
2026-10-06,Stock (linepack),TRAMOS FINALES,TGN,MMm³,,16.56,,,PS_20261005.pdf
2026-10-06,Saldos,,BUQUE REGASIFICADOR (ESC),MMm³,,57.86,,,PS_20261005.pdf
2026-10-06,Saldos,,RESERVA GASBAN,MMm³,,8.6,,,PS_20261005.pdf
2026-10-07,Temperatura,,Temperatura Media Estimada Anillo Bs.As.,°C,,16.0,,,PS_20261005.pdf
2026-10-07,Demanda total,,DEMANDA TOTAL,MMm³,,131.3,,,PS_20261005.pdf
2026-10-07,A- Dentro de sistemas de transporte,,A- DENTRO DE SISTEMAS DE TRANSPORTE,MMm³,,116.1,,,PS_20261005.pdf
2026-10-07,A- Dentro de sistemas de transporte,,Demanda Prioritaria (R+SGP),MMm³,,44.0,,,PS_20261005.pdf
2026-10-07,A- Dentro de sistemas de transporte,,Ajuste de Demanda (conforme a proyecciones del Sist. de Transporte),MMm³,,-1.7,,,PS_20261005.pdf
2026-10-07,A- Dentro de sistemas de transporte,,Gas Combustible,MMm³,,3.2,,,PS_20261005.pdf
2026-10-07,A- Dentro de sistemas de transporte,,GNC,MMm³,,5.6,,,PS_20261005.pdf
2026-10-07,A- Dentro de sistemas de transporte,,Industria (P3+GU+Grandes C.),MMm³,,36.7,,,PS_20261005.pdf
2026-10-07,A- Dentro de sistemas de transporte,,Usinas dentro del Sistema de Transporte,MMm³,,21.9,,,PS_20261005.pdf
2026-10-07,A- Dentro de sistemas de transporte,,Exportaciones en el Sistema de Transporte TGN,MMm³,,4.4,,,PS_20261005.pdf
2026-10-07,A- Dentro de sistemas de transporte,,Exportaciones en el Sistema de Transporte TGS,MMm³,,2.0,,,PS_20261005.pdf
2026-10-07,B- Fuera de sistemas de transporte,,B- FUERA DE SISTEMAS DE TRANSPORTE,MMm³,,15.2,,,PS_20261005.pdf
2026-10-07,B- Fuera de sistemas de transporte,,Demanda Tierra del Fuego,MMm³,,0.7,,,PS_20261005.pdf
2026-10-07,B- Fuera de sistemas de transporte,,Usinas en Boca Pozo,MMm³,,3.8,,,PS_20261005.pdf
2026-10-07,B- Fuera de sistemas de transporte,,Gas Pacífico,MMm³,,1.0,,,PS_20261005.pdf
2026-10-07,B- Fuera de sistemas de transporte,,Mega + Metanol,MMm³,,8.2,,,PS_20261005.pdf
2026-10-07,B- Fuera de sistemas de transporte,,Refinor,MMm³,,0.4,,,PS_20261005.pdf
2026-10-07,B- Fuera de sistemas de transporte,,Gas Atacama,MMm³,,0.0,,,PS_20261005.pdf
2026-10-07,B- Fuera de sistemas de transporte,,Methanex,MMm³,,1.1,,,PS_20261005.pdf
2026-10-07,Inyecciones (TGN + TGS + ENARSA),,INYECCIONES (TGN + TGS + ENARSA),MMm³,,112.6,,,PS_20261005.pdf
2026-10-07,Inyecciones (TGN + TGS + ENARSA),,PRODUCTORES - INYECCION NACIONAL,MMm³,,112.6,,,PS_20261005.pdf
2026-10-07,Inyecciones (TGN + TGS + ENARSA),,TGS,MMm³,,68.8,,,PS_20261005.pdf
2026-10-07,Inyecciones (TGN + TGS + ENARSA),TGS,Sur,MMm³,,22.6,,,PS_20261005.pdf
2026-10-07,Inyecciones (TGN + TGS + ENARSA),TGS,Neuba I,MMm³,,9.2,,,PS_20261005.pdf
2026-10-07,Inyecciones (TGN + TGS + ENARSA),TGS,Neuba II,MMm³,,37.0,,,PS_20261005.pdf
2026-10-07,Inyecciones (TGN + TGS + ENARSA),TGS,Patagónico,MMm³,,0.0,,,PS_20261005.pdf
2026-10-07,Inyecciones (TGN + TGS + ENARSA),,TGN,MMm³,,30.3,,,PS_20261005.pdf
2026-10-07,Inyecciones (TGN + TGS + ENARSA),TGN,Norte (incluye importación),MMm³,,0.9,,,PS_20261005.pdf
2026-10-07,Inyecciones (TGN + TGS + ENARSA),TGN,Neuquén,MMm³,,29.4,,,PS_20261005.pdf
2026-10-07,Inyecciones (TGN + TGS + ENARSA),,ENARSA,MMm³,,13.5,,,PS_20261005.pdf
2026-10-07,Inyecciones (TGN + TGS + ENARSA),ENARSA,GPFM,MMm³,,13.5,,,PS_20261005.pdf
2026-10-07,Otras inyecciones,,BOLIVIA,MMm³,,0.0,,,PS_20261005.pdf
2026-10-07,Otras inyecciones,,Inyección desde Chile,MMm³,,0.0,,,PS_20261005.pdf
2026-10-07,Otras inyecciones,,PEAK SHAVING,MMm³,,0.0,,,PS_20261005.pdf
2026-10-07,Otras inyecciones,,INYECCIÓN BUQUE ESCOBAR,MMm³,,0.0,,,PS_20261005.pdf
2026-10-07,Stock (linepack),,STOCK (TGN+TGS),MMm³,,369.5,,,PS_20261005.pdf
2026-10-07,Stock (linepack),,DELTA,MMm³,,-3.5,,,PS_20261005.pdf
2026-10-07,Stock (linepack),,TGS,MMm³,,232.96,,,PS_20261005.pdf
2026-10-07,Stock (linepack),,TGN,MMm³,,136.52,,,PS_20261005.pdf
2026-10-07,Stock (linepack),,TRAMOS INICIALES,MMm³,,268.36,,,PS_20261005.pdf
2026-10-07,Stock (linepack),,TRAMOS FINALES,MMm³,,101.12,,,PS_20261005.pdf
2026-10-07,Stock (linepack),TRAMOS FINALES,TGS,MMm³,,85.09,,,PS_20261005.pdf
2026-10-07,Stock (linepack),TRAMOS FINALES,TGN,MMm³,,16.03,,,PS_20261005.pdf
2026-10-07,Saldos,,BUQUE REGASIFICADOR (ESC),MMm³,,57.73,,,PS_20261005.pdf
2026-10-07,Saldos,,RESERVA GASBAN,MMm³,,8.6,,,PS_20261005.pdf
2026-10-08,Temperatura,,Temperatura Media Estimada Anillo Bs.As.,°C,,17.0,,,PS_20261005.pdf
2026-10-08,Demanda total,,DEMANDA TOTAL,MMm³,,132.5,,,PS_20261005.pdf
2026-10-08,A- Dentro de sistemas de transporte,,A- DENTRO DE SISTEMAS DE TRANSPORTE,MMm³,,117.6,,,PS_20261005.pdf
2026-10-08,A- Dentro de sistemas de transporte,,Demanda Prioritaria (R+SGP),MMm³,,45.4,,,PS_20261005.pdf
2026-10-08,A- Dentro de sistemas de transporte,,Ajuste de Demanda (conforme a proyecciones del Sist. de Transporte),MMm³,,-1.9,,,PS_20261005.pdf
2026-10-08,A- Dentro de sistemas de transporte,,Gas Combustible,MMm³,,3.2,,,PS_20261005.pdf
2026-10-08,A- Dentro de sistemas de transporte,,GNC,MMm³,,5.7,,,PS_20261005.pdf
2026-10-08,A- Dentro de sistemas de transporte,,Industria (P3+GU+Grandes C.),MMm³,,36.6,,,PS_20261005.pdf
2026-10-08,A- Dentro de sistemas de transporte,,Usinas dentro del Sistema de Transporte,MMm³,,22.3,,,PS_20261005.pdf
2026-10-08,A- Dentro de sistemas de transporte,,Exportaciones en el Sistema de Transporte TGN,MMm³,,4.4,,,PS_20261005.pdf
2026-10-08,A- Dentro de sistemas de transporte,,Exportaciones en el Sistema de Transporte TGS,MMm³,,2.0,,,PS_20261005.pdf
2026-10-08,B- Fuera de sistemas de transporte,,B- FUERA DE SISTEMAS DE TRANSPORTE,MMm³,,14.9,,,PS_20261005.pdf
2026-10-08,B- Fuera de sistemas de transporte,,Demanda Tierra del Fuego,MMm³,,0.7,,,PS_20261005.pdf
2026-10-08,B- Fuera de sistemas de transporte,,Usinas en Boca Pozo,MMm³,,3.6,,,PS_20261005.pdf
2026-10-08,B- Fuera de sistemas de transporte,,Gas Pacífico,MMm³,,1.0,,,PS_20261005.pdf
2026-10-08,B- Fuera de sistemas de transporte,,Mega + Metanol,MMm³,,8.2,,,PS_20261005.pdf
2026-10-08,B- Fuera de sistemas de transporte,,Refinor,MMm³,,0.4,,,PS_20261005.pdf
2026-10-08,B- Fuera de sistemas de transporte,,Gas Atacama,MMm³,,0.0,,,PS_20261005.pdf
2026-10-08,B- Fuera de sistemas de transporte,,Methanex,MMm³,,1.1,,,PS_20261005.pdf
2026-10-08,Inyecciones (TGN + TGS + ENARSA),,INYECCIONES (TGN + TGS + ENARSA),MMm³,,112.6,,,PS_20261005.pdf
2026-10-08,Inyecciones (TGN + TGS + ENARSA),,PRODUCTORES - INYECCION NACIONAL,MMm³,,112.6,,,PS_20261005.pdf
2026-10-08,Inyecciones (TGN + TGS + ENARSA),,TGS,MMm³,,68.8,,,PS_20261005.pdf
2026-10-08,Inyecciones (TGN + TGS + ENARSA),TGS,Sur,MMm³,,22.6,,,PS_20261005.pdf
2026-10-08,Inyecciones (TGN + TGS + ENARSA),TGS,Neuba I,MMm³,,9.2,,,PS_20261005.pdf
2026-10-08,Inyecciones (TGN + TGS + ENARSA),TGS,Neuba II,MMm³,,37.0,,,PS_20261005.pdf
2026-10-08,Inyecciones (TGN + TGS + ENARSA),TGS,Patagónico,MMm³,,0.0,,,PS_20261005.pdf
2026-10-08,Inyecciones (TGN + TGS + ENARSA),,TGN,MMm³,,30.3,,,PS_20261005.pdf
2026-10-08,Inyecciones (TGN + TGS + ENARSA),TGN,Norte (incluye importación),MMm³,,0.9,,,PS_20261005.pdf
2026-10-08,Inyecciones (TGN + TGS + ENARSA),TGN,Neuquén,MMm³,,29.4,,,PS_20261005.pdf
2026-10-08,Inyecciones (TGN + TGS + ENARSA),,ENARSA,MMm³,,13.5,,,PS_20261005.pdf
2026-10-08,Inyecciones (TGN + TGS + ENARSA),ENARSA,GPFM,MMm³,,13.5,,,PS_20261005.pdf
2026-10-08,Otras inyecciones,,BOLIVIA,MMm³,,0.0,,,PS_20261005.pdf
2026-10-08,Otras inyecciones,,Inyección desde Chile,MMm³,,0.0,,,PS_20261005.pdf
2026-10-08,Otras inyecciones,,PEAK SHAVING,MMm³,,0.0,,,PS_20261005.pdf
2026-10-08,Otras inyecciones,,INYECCIÓN BUQUE ESCOBAR,MMm³,,0.0,,,PS_20261005.pdf
2026-10-08,Stock (linepack),,STOCK (TGN+TGS),MMm³,,366.0,,,PS_20261005.pdf
2026-10-08,Stock (linepack),,DELTA,MMm³,,-5.0,,,PS_20261005.pdf
2026-10-08,Stock (linepack),,TGS,MMm³,,230.85,,,PS_20261005.pdf
2026-10-08,Stock (linepack),,TGN,MMm³,,135.11,,,PS_20261005.pdf
2026-10-08,Stock (linepack),,TRAMOS INICIALES,MMm³,,268.24,,,PS_20261005.pdf
2026-10-08,Stock (linepack),,TRAMOS FINALES,MMm³,,97.72,,,PS_20261005.pdf
2026-10-08,Stock (linepack),TRAMOS FINALES,TGS,MMm³,,82.18,,,PS_20261005.pdf
2026-10-08,Stock (linepack),TRAMOS FINALES,TGN,MMm³,,15.54,,,PS_20261005.pdf
2026-10-08,Saldos,,BUQUE REGASIFICADOR (ESC),MMm³,,57.48,,,PS_20261005.pdf
2026-10-08,Saldos,,RESERVA GASBAN,MMm³,,8.6,,,PS_20261005.pdf
2026-10-09,Temperatura,,Temperatura Media Estimada Anillo Bs.As.,°C,,16.0,,,PS_20261005.pdf
2026-10-09,Demanda total,,DEMANDA TOTAL,MMm³,,134.1,,,PS_20261005.pdf
2026-10-09,A- Dentro de sistemas de transporte,,A- DENTRO DE SISTEMAS DE TRANSPORTE,MMm³,,119.1,,,PS_20261005.pdf
2026-10-09,A- Dentro de sistemas de transporte,,Demanda Prioritaria (R+SGP),MMm³,,46.9,,,PS_20261005.pdf
2026-10-09,A- Dentro de sistemas de transporte,,Ajuste de Demanda (conforme a proyecciones del Sist. de Transporte),MMm³,,-1.6,,,PS_20261005.pdf
2026-10-09,A- Dentro de sistemas de transporte,,Gas Combustible,MMm³,,3.2,,,PS_20261005.pdf
2026-10-09,A- Dentro de sistemas de transporte,,GNC,MMm³,,6.0,,,PS_20261005.pdf
2026-10-09,A- Dentro de sistemas de transporte,,Industria (P3+GU+Grandes C.),MMm³,,36.5,,,PS_20261005.pdf
2026-10-09,A- Dentro de sistemas de transporte,,Usinas dentro del Sistema de Transporte,MMm³,,21.8,,,PS_20261005.pdf
2026-10-09,A- Dentro de sistemas de transporte,,Exportaciones en el Sistema de Transporte TGN,MMm³,,4.4,,,PS_20261005.pdf
2026-10-09,A- Dentro de sistemas de transporte,,Exportaciones en el Sistema de Transporte TGS,MMm³,,2.0,,,PS_20261005.pdf
2026-10-09,B- Fuera de sistemas de transporte,,B- FUERA DE SISTEMAS DE TRANSPORTE,MMm³,,14.9,,,PS_20261005.pdf
2026-10-09,B- Fuera de sistemas de transporte,,Demanda Tierra del Fuego,MMm³,,0.7,,,PS_20261005.pdf
2026-10-09,B- Fuera de sistemas de transporte,,Usinas en Boca Pozo,MMm³,,3.6,,,PS_20261005.pdf
2026-10-09,B- Fuera de sistemas de transporte,,Gas Pacífico,MMm³,,1.0,,,PS_20261005.pdf
2026-10-09,B- Fuera de sistemas de transporte,,Mega + Metanol,MMm³,,8.2,,,PS_20261005.pdf
2026-10-09,B- Fuera de sistemas de transporte,,Refinor,MMm³,,0.4,,,PS_20261005.pdf
2026-10-09,B- Fuera de sistemas de transporte,,Gas Atacama,MMm³,,0.0,,,PS_20261005.pdf
2026-10-09,B- Fuera de sistemas de transporte,,Methanex,MMm³,,1.1,,,PS_20261005.pdf
2026-10-09,Inyecciones (TGN + TGS + ENARSA),,INYECCIONES (TGN + TGS + ENARSA),MMm³,,112.6,,,PS_20261005.pdf
2026-10-09,Inyecciones (TGN + TGS + ENARSA),,PRODUCTORES - INYECCION NACIONAL,MMm³,,112.6,,,PS_20261005.pdf
2026-10-09,Inyecciones (TGN + TGS + ENARSA),,TGS,MMm³,,68.8,,,PS_20261005.pdf
2026-10-09,Inyecciones (TGN + TGS + ENARSA),TGS,Sur,MMm³,,22.6,,,PS_20261005.pdf
2026-10-09,Inyecciones (TGN + TGS + ENARSA),TGS,Neuba I,MMm³,,9.2,,,PS_20261005.pdf
2026-10-09,Inyecciones (TGN + TGS + ENARSA),TGS,Neuba II,MMm³,,37.0,,,PS_20261005.pdf
2026-10-09,Inyecciones (TGN + TGS + ENARSA),TGS,Patagónico,MMm³,,0.0,,,PS_20261005.pdf
2026-10-09,Inyecciones (TGN + TGS + ENARSA),,TGN,MMm³,,30.3,,,PS_20261005.pdf
2026-10-09,Inyecciones (TGN + TGS + ENARSA),TGN,Norte (incluye importación),MMm³,,0.9,,,PS_20261005.pdf
2026-10-09,Inyecciones (TGN + TGS + ENARSA),TGN,Neuquén,MMm³,,29.4,,,PS_20261005.pdf
2026-10-09,Inyecciones (TGN + TGS + ENARSA),,ENARSA,MMm³,,13.5,,,PS_20261005.pdf
2026-10-09,Inyecciones (TGN + TGS + ENARSA),ENARSA,GPFM,MMm³,,13.5,,,PS_20261005.pdf
2026-10-09,Otras inyecciones,,BOLIVIA,MMm³,,0.0,,,PS_20261005.pdf
2026-10-09,Otras inyecciones,,Inyección desde Chile,MMm³,,0.0,,,PS_20261005.pdf
2026-10-09,Otras inyecciones,,PEAK SHAVING,MMm³,,0.0,,,PS_20261005.pdf
2026-10-09,Otras inyecciones,,INYECCIÓN BUQUE ESCOBAR,MMm³,,0.0,,,PS_20261005.pdf
2026-10-09,Stock (linepack),,STOCK (TGN+TGS),MMm³,,360.9,,,PS_20261005.pdf
2026-10-09,Stock (linepack),,DELTA,MMm³,,-6.5,,,PS_20261005.pdf
2026-10-09,Stock (linepack),,TGS,MMm³,,229.85,,,PS_20261005.pdf
2026-10-09,Stock (linepack),,TGN,MMm³,,131.1,,,PS_20261005.pdf
2026-10-09,Stock (linepack),,TRAMOS INICIALES,MMm³,,265.39,,,PS_20261005.pdf
2026-10-09,Stock (linepack),,TRAMOS FINALES,MMm³,,95.56,,,PS_20261005.pdf
2026-10-09,Stock (linepack),TRAMOS FINALES,TGS,MMm³,,80.41,,,PS_20261005.pdf
2026-10-09,Stock (linepack),TRAMOS FINALES,TGN,MMm³,,15.15,,,PS_20261005.pdf
2026-10-09,Saldos,,BUQUE REGASIFICADOR (ESC),MMm³,,57.36,,,PS_20261005.pdf
2026-10-09,Saldos,,RESERVA GASBAN,MMm³,,8.6,,,PS_20261005.pdf
